PUNJAB,BAHAWALPUR DIVISION,316864,302644,42,407768,98391,95402,47,133785
PUNJAB,BAHAWALPUR DIVISION,273788,266500,54,395983,75546,73851,27,102287
PUNJAB,BAHAWALPUR DIVISION,182655,178541,44,250959,31360,30150,18,34637
PUNJAB,BAHAWALPUR DIVISION,192278,189808,29,297343,71345,71236,19,84424
PUNJAB,BAHAWALPUR DIVISION,231506,221178,39,316593,36694,35590,10,37668
PUNJAB,BAHAWALPUR DIVISION,461525,440889,62,601406,90003,86081,26,116891
PUNJAB,BAHAWALPUR DIVISION,0,0,0,62916,350186,331842,88,356626
PUNJAB,BAHAWALPUR DIVISION,239541,228346,51,314428,62009,45927,12,72610
PUNJAB,BAHAWALPUR DIVISION,171117,169620,10,246218,57743,57853,17,71295
PUNJAB,BAHAWALPUR DIVISION,112952,108476,3,157049,20981,20507,4,26854
PUNJAB,BAHAWALPUR DIVISION,288761,275612,49,385770,24884,23995,4,21028
PUNJAB,BAHAWALPUR DIVISION,382228,366927,63,533926,118442,114373,52,149939
PUNJAB,BAHAWALPUR DIVISION,500742,481157,119,666127,26238,25637,13,32858
PUNJAB,BAHAWALPUR DIVISION,536887,508580,110,710989,247388,237127,91,274666
PUNJAB,BAHAWALPUR DIVISION,516640,483247,79,613429,133215,128365,42,159119
PUNJAB,D.G.KHAN DIVISION,109429,103213,10,126198,0,0,0,0
PUNJAB,D.G.KHAN DIVISION,410429,417124,49,522388,201554,195775,33,190542
PUNJAB,D.G.KHAN DIVISION,353638,351884,42,438306,25837,25820,9,0
PUNJAB,D.G.KHAN DIVISION,300077,280483,32,327387,50363,46828,2,38297
PUNJAB,D.G.KHAN DIVISION,104011,100150,8,161010,24515,23853,3,0
PUNJAB,D.G.KHAN DIVISION,398960,384606,46,485182,98457,94988,31,105860
PUNJAB,D.G.KHAN DIVISION,307377,288463,40,369452,22504,21994,6,28601
PUNJAB,D.G.KHAN DIVISION,285241,270521,33,393772,81219,78150,13,52774
PUNJAB,D.G.KHAN DIVISION,560409,532894,51,688771,129553,124566,28,119667
PUNJAB,D.G.KHAN DIVISION,711866,673133,110,842563,124916,115424,38,140303
PUNJAB,D.G.KHAN DIVISION,18280,15909,2,14051,0,0,0,0
PUNJAB,D.G.KHAN DIVISION,377811,361435,53,417338,55953,54121,16,67713
PUNJAB,D.G.KHAN DIVISION,254955,239095,59,314641,109228,103394,39,81312
PUNJAB,D.G.KHAN DIVISION,204450,186658,36,197433,7487,7056,2,11130
PUNJAB,FAISALABAD DIVISION,173525,166193,36,258757,17264,16819,4,13997
PUNJAB,FAISALABAD DIVISION,141800,135447,21,210354,143956,134539,33,172522
PUNJAB,FAISALABAD DIVISION,168126,161259,22,236830,54935,54657,23,72664
PUNJAB,FAISALABAD DIVISION,143009,141136,25,221695,24664,24123,9,32111
PUNJAB,FAISALABAD DIVISION,17534,16561,6,131485,1651684,1558106,368,2008861
PUNJAB,FAISALABAD DIVISION,730729,694280,145,900984,20160,19713,0,23126
PUNJAB,FAISALABAD DIVISION,651051,616147,119,924849,116758,109810,38,136997
PUNJAB,FAISALABAD DIVISION,245494,240637,45,453729,78834,78084,20,54908
PUNJAB,FAISALABAD DIVISION,316100,302533,27,478372,42915,41554,26,62430
PUNJAB,FAISALABAD DIVISION,135653,132487,20,200036,14039,13513,2,0
PUNJAB,FAISALABAD DIVISION,185430,180440,30,250117,34066,33561,7,46348
PUNJAB,FAISALABAD DIVISION,528229,507071,77,694457,219152,210209,80,304673
PUNJAB,FAISALABAD DIVISION,241172,233557,35,321004,37187,36606,10,52786
PUNJAB,FAISALABAD DIVISION,242314,240026,51,377204,87132,87664,35,117892
PUNJAB,FAISALABAD DIVISION,119521,116794,21,186350,67973,67672,29,97324
PUNJAB,FAISALABAD DIVISION,190292,187703,31,258335,22174,22030,16,30257
PUNJAB,FAISALABAD DIVISION,328034,324693,44,494293,42925,44297,24,59938
PUNJAB,GUJRANWALA DIVISION,37904,35977,9,20654,93470,92388,16,94468
PUNJAB,GUJRANWALA DIVISION,321787,319316,86,586535,1104898,1060164,278,1225602
PUNJAB,GUJRANWALA DIVISION,167798,163050,28,253078,126412,122342,60,152288
PUNJAB,GUJRANWALA DIVISION,243677,241716,41,390142,24712,24657,8,33940
PUNJAB,GUJRANWALA DIVISION,260858,269656,45,431493,147474,152191,48,212740
PUNJAB,GUJRANWALA DIVISION,458232,496703,63,729885,267839,274804,65,363203
PUNJAB,GUJRANWALA DIVISION,368221,413045,68,611829,121978,107945,5,167803
PUNJAB,GUJRANWALA DIVISION,91893,100549,15,138122,26612,28249,3,37166
PUNJAB,GUJRANWALA DIVISION,200710,199314,25,337482,132881,130957,29,147705
PUNJAB,GUJRANWALA DIVISION,180597,173563,16,268383,70480,68354,28,79410
PUNJAB,GUJRANWALA DIVISION,160746,167980,22,250452,20971,22431,21,31258
PUNJAB,GUJRANWALA DIVISION,217510,233767,29,365444,106393,110779,60,113502
PUNJAB,GUJRANWALA DIVISION,237748,249825,54,368235,32420,33274,9,31661
PUNJAB,GUJRANWALA DIVISION,230567,230243,34,342064,67681,67987,27,83815
PUNJAB,GUJRANWALA DIVISION,287663,302682,42,470108,39775,41854,14,50747
PUNJAB,GUJRANWALA DIVISION,195066,204588,33,298539,19182,20118,19,19824
PUNJAB,GUJRANWALA DIVISION,317238,325790,73,482078,100737,103252,27,123357
PUNJAB,GUJRANWALA DIVISION,351782,367278,73,534176,60280,61407,27,77695
PUNJAB,GUJRANWALA DIVISION,131310,141546,26,226030,66951,70963,27,72401
PUNJAB,GUJRANWALA DIVISION,544590,570546,151,767868,348401,332368,95,439876
PUNJAB,LAHORE DIVISION,341604,321991,20,523694,84636,78042,30,60873
PUNJAB,LAHORE DIVISION,438789,406176,39,575903,252101,236425,53,326889
PUNJAB,LAHORE DIVISION,156736,144879,14,193356,30135,28749,10,39555
PUNJAB,LAHORE DIVISION,391493,362322,38,519162,93123,87460,16,115074
PUNJAB,LAHORE DIVISION,0,0,0,182733,857133,775333,236,735997
PUNJAB,LAHORE DIVISION,0,0,0,143532,1905921,1746900,795,2075867
PUNJAB,LAHORE DIVISION,0,0,0,273036,1421291,1281762,516,1136192
PUNJAB,LAHORE DIVISION,0,0,0,330620,448403,400031,107,27314
PUNJAB,LAHORE DIVISION,0,0,0,201105,1181239,1099956,362,1233718
PUNJAB,LAHORE DIVISION,396393,377408,70,615443,55703,54411,21,68520
PUNJAB,LAHORE DIVISION,83320,82774,12,137652,31046,30438,14,50368
PUNJAB,LAHORE DIVISION,86217,83649,19,133619,37595,35878,18,39263
PUNJAB,LAHORE DIVISION,265244,244918,47,277111,147335,136897,48,118958
PUNJAB,LAHORE DIVISION,219623,207089,25,309073,108703,104137,12,143296
PUNJAB,LAHORE DIVISION,111298,107427,26,180657,26908,27136,12,47058
PUNJAB,LAHORE DIVISION,79914,75654,6,122561,21163,20716,6,28186
PUNJAB,LAHORE DIVISION,493745,453373,102,674097,312450,295895,95,375167
PUNJAB,MULTAN DIVISION,151053,148708,18,224703,21864,21779,3,24871
PUNJAB,MULTAN DIVISION,413527,395406,69,565066,75728,73850,16,98812
PUNJAB,MULTAN DIVISION,297829,287262,69,455413,138280,132777,40,151599
PUNJAB,MULTAN DIVISION,322910,316900,50,459047,61477,60590,28,88979
PUNJAB,MULTAN DIVISION,228308,225323,32,320689,20923,20621,10,29513
PUNJAB,MULTAN DIVISION,201333,193317,28,286458,54236,52036,13,75074
PUNJAB,MULTAN DIVISION,297346,288363,42,394565,59248,58496,18,65501
PUNJAB,MULTAN DIVISION,247132,240350,36,332497,34035,33409,9,32219
PUNJAB,MULTAN DIVISION,224005,208071,38,303233,937027,889763,211,1078245
PUNJAB,MULTAN DIVISION,636150,602391,167,803159,47914,36416,38,146875
PUNJAB,MULTAN DIVISION,268108,260741,57,363214,40824,39267,7,57409
PUNJAB,MULTAN DIVISION,397316,390239,74,578486,116541,115451,38,152097
PUNJAB,MULTAN DIVISION,414628,410463,67,615886,64421,64002,29,88992
PUNJAB,MULTAN DIVISION,397067,386033,65,560612,73823,71801,23,94343
PUNJAB,RAWALPINDI DIVISION,111968,110735,7,143989,112426,100041,26,117840
PUNJAB,RAWALPINDI DIVISION,129406,130510,17,188270,33250,33241,9,25986
PUNJAB,RAWALPINDI DIVISION,78008,75882,1,97880,32039,31174,5,37976
PUNJAB,RAWALPINDI DIVISION,140446,144406,29,196785,27569,27736,3,42156
PUNJAB,RAWALPINDI DIVISION,117735,129570,14,211065,23084,25104,6,17284
PUNJAB,RAWALPINDI DIVISION,110514,116212,10,165854,22205,22986,4,29850
PUNJAB,RAWALPINDI DIVISION,246589,271680,44,394992,68508,69677,29,80508
PUNJAB,RAWALPINDI DIVISION,58453,60913,2,91838,11431,11137,6,13418
PUNJAB,RAWALPINDI DIVISION,61503,64587,6,122548,22320,20818,4,0
PUNJAB,RAWALPINDI DIVISION,52857,57314,4,95626,7447,8146,2,0
PUNJAB,RAWALPINDI DIVISION,162481,175410,12,247029,31589,32484,10,37766
PUNJAB,RAWALPINDI DIVISION,79799,85412,11,130735,39099,34128,16,52638
PUNJAB,RAWALPINDI DIVISION,123856,130876,29,186177,97586,92853,32,147392
PUNJAB,RAWALPINDI DIVISION,131941,140479,23,217023,32470,31925,3,46592
PUNJAB,RAWALPINDI DIVISION,83879,91783,18,143692,12776,13406,3,12708
PUNJAB,RAWALPINDI DIVISION,271415,294558,45,426860,55583,56425,36,67150
PUNJAB,RAWALPINDI DIVISION,77653,82475,8,134512,30350,30258,2,19207
PUNJAB,RAWALPINDI DIVISION,77771,85038,13,158120,25965,28266,8,0
PUNJAB,RAWALPINDI DIVISION,48976,47907,11,82711,11324,11073,4,0
PUNJAB,RAWALPINDI DIVISION,37829,38140,5,155224,81688,75336,19,21375
PUNJAB,RAWALPINDI DIVISION,590102,568568,147,517844,1081915,1015201,708,1409768
PUNJAB,RAWALPINDI DIVISION,89204,86787,20,100367,256405,245057,85,270773
PUNJAB,SAHIWAL DIVISION,531297,501909,54,821089,174814,167651,60,209747
PUNJAB,SAHIWAL DIVISION,389598,370807,35,590040,235330,210456,93,272324
PUNJAB,SAHIWAL DIVISION,206263,198263,36,307455,27168,26985,7,32337
PUNJAB,SAHIWAL DIVISION,376782,365885,56,528922,56800,55455,51,74174
PUNJAB,SAHIWAL DIVISION,404804,387632,77,574551,89724,86927,35,109033
PUNJAB,SAHIWAL DIVISION,467889,461454,104,714341,47578,47142,13,72721
PUNJAB,SAHIWAL DIVISION,547112,520686,82,826863,214067,206837,47,229269
PUNJAB,SARGODHA DIVISION,291631,279474,27,355592,58034,54760,13,68896
PUNJAB,SARGODHA DIVISION,143823,136163,20,178775,41346,39060,15,54635
PUNJAB,SARGODHA DIVISION,150395,143876,39,187751,26584,25694,3,35925
PUNJAB,SARGODHA DIVISION,124063,118680,7,160664,7180,6962,3,9218
PUNJAB,SARGODHA DIVISION,195124,197004,15,287146,149700,148273,41,192963
PUNJAB,SARGODHA DIVISION,111905,111123,23,159592,9995,9780,5,15091
PUNJAB,SARGODHA DIVISION,49598,53999,6,78970,6581,7171,1,8952
PUNJAB,SARGODHA DIVISION,103786,104816,13,151034,10785,10625,3,11963
PUNJAB,SARGODHA DIVISION,141575,148045,13,212529,41802,42747,12,43968
PUNJAB,SARGODHA DIVISION,309003,309905,38,429435,75781,71602,28,102721
PUNJAB,SARGODHA DIVISION,155412,150768,30,194646,48396,47435,9,73321
PUNJAB,SARGODHA DIVISION,117608,116627,14,177095,61417,60521,19,77637
PUNJAB,SARGODHA DIVISION,126458,127941,17,181739,30135,29805,13,44626
PUNJAB,SARGODHA DIVISION,196994,189454,31,294224,33253,32226,20,44566
PUNJAB,SARGODHA DIVISION,445798,431062,84,623019,333705,324361,142,458440
PUNJAB,SARGODHA DIVISION,142231,142423,9,211557,35088,33567,7,51190
PUNJAB,SARGODHA DIVISION,155014,151727,27,231205,19057,18657,5,23076
SINDH,Badin Division,166841,156079,37,220598,67672,63924,23,68661
SINDH,Badin Division,145296,135779,12,163664,27625,25711,17,19027
SINDH,Badin Division,178283,168105,25,226306,50438,47823,26,56967
SINDH,Badin Division,63538,59783,8,84883,24858,23819,8,23019
SINDH,Badin Division,176436,164367,25,224333,30190,28199,11,18814
SINDH,Hyderabad Division,144024,135048,13,218515,93729,88831,20,109457
SINDH,Hyderabad Division,136451,128864,43,189386,14693,14330,8,17997
SINDH,Hyderabad Division,134109,127898,57,203317,37356,35054,3,49992
SINDH,Hyderabad Division,184536,175895,46,266365,50802,48560,20,51688
SINDH,Hyderabad Division,0,0,0,7696,377362,347701,90,517603
SINDH,Hyderabad Division,193286,180086,38,263986,48603,44283,10,26446
SINDH,Hyderabad Division,0,0,0,17717,365533,338011,146,546044
SINDH,Hyderabad Division,0,0,0,12127,160432,144326,21,103247
SINDH,Hyderabad Division,78348,67565,19,145489,153194,138878,59,62085
SINDH,Hyderabad Division,62415,57150,5,92426,10882,10314,0,7679
SINDH,Hyderabad Division,85449,80007,11,121425,54116,50207,27,49164
SINDH,Hyderabad Division,70918,59391,9,91126,7747,7190,7,12700
SINDH,Hyderabad Division,74227,69933,7,104921,61267,57194,11,57060
SINDH,Hyderabad Division,153639,144272,39,188997,22346,20808,6,29068
SINDH,Hyderabad Division,74611,70629,14,100466,10832,10205,0,13732
SINDH,Hyderabad Division,98600,91083,24,116175,6253,5906,2,7782
SINDH,Hyderabad Division,99141,91353,26,135349,0,0,0,0
SINDH,Hyderabad Division,74057,67943,21,87174,10378,9916,6,16566
SINDH,Hyderabad Division,83675,77389,19,104013,9209,8514,4,13401
SINDH,Hyderabad Division,89467,84533,17,114871,18126,17174,8,23286
SINDH,Hyderabad Division,115059,108080,32,141913,18623,17559,3,10687
SINDH,Hyderabad Division,89782,83435,23,130486,9319,8680,0,0
SINDH,Hyderabad Division,118786,111822,22,153434,110447,103422,46,95569
SINDH,Hyderabad Division,77411,73465,19,114751,3292,3087,2,4249
SINDH,Hyderabad Division,79437,74070,29,100794,17668,16120,0,0
SINDH,Hyderabad Division,78542,72297,5,105482,52528,49324,16,65396
SINDH,Hyderabad Division,29066,26363,0,38897,11982,11217,3,0
SINDH,Hyderabad Division,153190,141363,8,175176,2201,2068,1,2513
SINDH,Hyderabad Division,158445,146379,4,216233,24458,22665,5,23676
SINDH,Hyderabad Division,0,0,0,0,52259,49606,11,37515
SINDH,Karachi Division,0,0,0,0,257941,238090,63,423517
SINDH,Karachi Division,0,0,0,0,233469,215513,116,388078
SINDH,Karachi Division,0,0,0,0,233024,213259,64,366081
SINDH,Karachi Division,0,0,0,0,452843,418282,120,580472
SINDH,Karachi Division,0,0,0,0,364751,343716,131,530923
SINDH,Karachi Division,0,0,0,0,401237,360249,145,521369
SINDH,Karachi Division,0,0,0,0,433347,408298,155,415380
SINDH,Karachi Division,0,0,0,0,421544,370756,151,130066
SINDH,Karachi Division,0,0,0,0,250660,228699,74,380714
SINDH,Karachi Division,0,0,0,0,69314,58990,9,137742
SINDH,Karachi Division,0,0,0,0,255640,217438,41,281590
SINDH,Karachi Division,0,0,0,0,188988,174945,34,325716
SINDH,Karachi Division,0,0,0,0,341179,320658,89,594966
SINDH,Karachi Division,0,0,0,99,75570,66318,17,128565
SINDH,Karachi Division,0,0,0,0,434973,397480,130,402463
SINDH,Karachi Division,84561,76340,3,121426,214204,186863,48,222106
SINDH,Karachi Division,64142,57799,13,38055,287384,262911,37,0
SINDH,Karachi Division,0,0,0,0,38030,32578,3,35879
SINDH,Karachi Division,0,0,0,23514,438296,407422,79,637407
SINDH,Karachi Division,0,0,0,0,271646,248524,25,319177
SINDH,Karachi Division,0,0,0,0,222883,180663,28,327639
SINDH,Karachi Division,0,0,0,0,594709,531253,179,529837
SINDH,Karachi Division,0,0,0,0,283476,262645,75,428937
SINDH,Karachi Division,0,0,0,0,197401,186906,82,262199
SINDH,Karachi Division,0,0,0,0,271575,249095,160,387636
SINDH,Karachi Division,132391,115668,39,108045,104861,90264,18,73928
SINDH,Karachi Division,34756,29396,1,35883,0,0,0,0
SINDH,Karachi Division,203681,182077,18,105192,0,0,0,0
SINDH,Karachi Division,69080,60679,2,67647,363324,306620,60,371603
SINDH,Karachi Division,15699,14147,0,17434,105073,96478,14,135033
SINDH,Larkana Division,74255,72130,15,105642,6320,6299,0,11565
SINDH,Larkana Division,98075,93381,24,129218,97597,93437,64,138780
SINDH,Larkana Division,190691,181181,39,312860,47848,45633,20,29125
SINDH,Larkana Division,149000,143364,40,210565,51678,49270,22,58369
SINDH,Larkana Division,58917,56690,15,89891,21662,20644,6,8891
SINDH,Larkana Division,57725,55848,18,90302,19209,18608,2,23477
SINDH,Larkana Division,29585,28554,5,63706,14028,13592,3,0
SINDH,Larkana Division,42166,41451,12,66183,60367,58552,16,60436
SINDH,Larkana Division,59729,57723,15,83026,0,0,0,0
SINDH,Larkana Division,81454,78904,17,153672,35047,34090,7,15776
SINDH,Larkana Division,119612,110303,27,124800,70458,65695,16,92647
SINDH,Larkana Division,177490,166468,28,208925,47172,43786,22,59974
SINDH,Larkana Division,136330,126398,21,175474,13601,12908,1,15300
SINDH,Larkana Division,100437,96535,23,166025,16274,15925,6,5788
SINDH,Larkana Division,83175,79568,14,123408,31491,30707,4,45625
SINDH,Larkana Division,126010,121161,33,164270,249599,238230,177,270283
SINDH,Larkana Division,109819,106068,45,157842,59129,57336,20,68367
SINDH,Larkana Division,143920,136699,17,202962,18433,17499,5,25004
SINDH,Larkana Division,131793,119414,14,173075,12790,12126,3,18606
SINDH,Larkana Division,102838,98487,4,154812,24345,23080,2,33486
SINDH,Larkana Division,100919,95206,8,137610,100520,95619,19,134883
SINDH,Mirpurkhas Division,72370,67918,16,106626,37944,35761,8,40646
SINDH,Mirpurkhas Division,77693,72506,27,83219,0,0,0,0
SINDH,Mirpurkhas Division,73721,68732,9,103811,30781,28598,9,42202
SINDH,Mirpurkhas Division,125811,118224,55,161501,14935,14103,4,17507
SINDH,Mirpurkhas Division,13441,12708,6,11735,120114,113984,35,189671
SINDH,Mirpurkhas Division,76277,71433,23,88634,10828,10168,4,10149
SINDH,Mirpurkhas Division,113515,105847,27,150628,8716,8089,0,0
SINDH,Mirpurkhas Division,180400,147078,14,167235,12839,10473,3,0
SINDH,Mirpurkhas Division,165279,132753,13,165289,4262,3222,0,0
SINDH,Mirpurkhas Division,70873,64833,23,82344,6857,6283,2,9703
SINDH,Mirpurkhas Division,118559,107343,25,127399,9579,8930,3,10427
SINDH,Mirpurkhas Division,60614,56975,20,73651,0,0,0,0
SINDH,Mirpurkhas Division,84594,77003,24,105440,30490,27784,6,19697
SINDH,Mirpurkhas Division,130477,117579,23,153106,6195,5606,0,0
SINDH,Mirpurkhas Division,92326,86929,11,130349,19940,19237,17,27866
SINDH,Mirpurkhas Division,55282,51746,5,71204,6627,6342,3,9978
SINDH,Mirpurkhas Division,82738,78185,44,105274,4782,4465,2,7373
SINDH,Mirpurkhas Division,198684,183951,31,246506,96091,85986,45,66247
SINDH,Shaheed Benazirabad Division,123408,116034,13,165747,31979,30100,10,38373
SINDH,Shaheed Benazirabad Division,145438,138045,24,200572,19769,19090,10,21957
SINDH,Shaheed Benazirabad Division,87512,82134,15,124659,39496,37482,10,30686
SINDH,Shaheed Benazirabad Division,142002,131100,29,204218,49333,46085,30,61033
SINDH,Shaheed Benazirabad Division,138197,128815,48,199971,54258,51561,20,40355
SINDH,Shaheed Benazirabad Division,65078,60897,10,77287,14101,13103,4,12804
SINDH,Shaheed Benazirabad Division,147043,134773,21,199509,26340,24644,12,25580
SINDH,Shaheed Benazirabad Division,176143,163139,25,203861,48029,45447,9,61021
SINDH,Shaheed Benazirabad Division,136878,129042,25,219140,98129,92916,38,90587
SINDH,Shaheed Benazirabad Division,133888,126157,37,163057,29298,27612,12,36417
SINDH,Shaheed Benazirabad Division,105880,99086,32,125711,78244,73762,19,104907
SINDH,Shaheed Benazirabad Division,198949,185677,26,276514,48152,45176,13,28111
SINDH,Shaheed Benazirabad Division,154613,142995,30,208849,26447,24848,11,37948
SINDH,Shaheed Benazirabad Division,69403,64637,24,92058,143911,135385,42,189244
SINDH,Shaheed Benazirabad Division,157749,149563,30,242804,34011,31808,6,27056
SINDH,Sukkur Division,116233,108173,17,143539,44846,41431,9,34615
SINDH,Sukkur Division,196603,186086,52,238468,64169,60150,27,60166
SINDH,Sukkur Division,61430,57808,6,86173,15564,14854,5,0
SINDH,Sukkur Division,129463,123074,14,155999,39014,36246,10,42421
SINDH,Sukkur Division,159987,148921,20,186117,22963,21528,5,21299
SINDH,Sukkur Division,92903,87833,3,130530,22096,21253,0,15906
SINDH,Sukkur Division,87377,81954,3,132370,48256,45623,5,40882
SINDH,Sukkur Division,107578,100984,5,150316,120044,111752,49,124939
SINDH,Sukkur Division,125674,119438,4,184360,48885,46291,5,44270
SINDH,Sukkur Division,135854,127072,0,182369,44131,41516,9,45599
SINDH,Sukkur Division,133128,125771,0,183203,48210,45646,9,43170
SINDH,Sukkur Division,64315,57708,0,92387,20214,18404,2,0
SINDH,Sukkur Division,92683,87891,6,127000,48906,45690,10,50450
SINDH,Sukkur Division,22548,21102,2,29374,142961,133571,39,130101
SINDH,Sukkur Division,174272,161964,27,205976,57085,43009,15,62225
SINDH,Sukkur Division,148419,136392,29,166453,44179,41558,5,57537
SINDH,Sukkur Division,53904,48900,7,64646,14048,12875,2,0
SINDH,Sukkur Division,0,0,0,2833,118916,112511,32,212242
BALOCHISTAN,Makran Division,4334,4250,0,27156,10986,10774,1,0
BALOCHISTAN,Makran Division,9683,8704,3,22430,0,0,0,0
BALOCHISTAN,Makran Division,20949,19056,5,34214,0,0,0,0
BALOCHISTAN,Makran Division,10472,10128,0,34373,6639,5837,0,0
BALOCHISTAN,Kalat Division,3112,2609,0,3979,0,0,0,0
BALOCHISTAN,Kalat Division,5625,5083,0,12299,0,0,0,0
BALOCHISTAN,Kalat Division,47816,44482,0,63919,18649,18147,0,22646
BALOCHISTAN,Kalat Division,34177,31500,1,41590,0,0,0,0
BALOCHISTAN,Kalat Division,84792,80468,0,82253,17635,17962,0,11148
BALOCHISTAN,Makran Division,15119,14196,0,15966,27073,24315,0,27806
BALOCHISTAN,Makran Division,25438,23955,0,29768,0,0,0,0
BALOCHISTAN,Makran Division,17001,15669,0,23360,0,0,0,0
BALOCHISTAN,Kalat Division,22656,19658,4,28561,0,0,0,0
BALOCHISTAN,Kalat Division,16082,14933,1,21984,0,0,0,0
BALOCHISTAN,Kalat Division,60438,56569,13,70788,95244,87193,7,91057
BALOCHISTAN,Kalat Division,12027,11350,9,13143,0,0,0,0
BALOCHISTAN,Kalat Division,51298,46267,11,59314,17439,15881,1,0
BALOCHISTAN,Kalat Division,20191,17395,2,20907,0,0,0,0
BALOCHISTAN,Kalat Division,17427,14696,2,20580,0,0,0,0
BALOCHISTAN,Kalat Division,40448,37443,15,38539,11833,10374,2,13794
BALOCHISTAN,Kalat Division,33871,30320,8,25402,20397,17389,2,13397
BALOCHISTAN,Makran Division,41690,38433,1,51636,13006,11594,3,16705
BALOCHISTAN,Makran Division,17112,15573,1,31504,6739,6116,0,0
BALOCHISTAN,Makran Division,8902,8012,0,7889,3889,3790,0,11068
BALOCHISTAN,Makran Division,14377,13287,0,18171,93326,84495,2,62763
BALOCHISTAN,Makran Division,18094,17400,1,25474,0,0,0,0
BALOCHISTAN,Makran Division,5990,5740,0,7846,0,0,0,0
BALOCHISTAN,Makran Division,17867,16637,0,20230,15353,14160,2,11569
BALOCHISTAN,Makran Division,22196,20671,0,26405,15792,13630,1,13319
BALOCHISTAN,Kalat Division,34040,30722,3,24570,0,0,0,0
BALOCHISTAN,Kalat Division,20265,18595,0,19262,0,0,0,0
BALOCHISTAN,Kalat Division,14682,13942,0,24214,0,0,0,0
BALOCHISTAN,Kalat Division,50667,47763,0,57862,17850,17147,0,24131
BALOCHISTAN,Makran Division,21513,18753,0,16740,0,0,0,0
BALOCHISTAN,Makran Division,20219,18414,1,29844,0,0,0,0
BALOCHISTAN,Makran Division,17743,16734,0,19956,0,0,0,0
BALOCHISTAN,Makran Division,14332,13216,0,19641,0,0,0,0
BALOCHISTAN,Makran Division,6627,6325,0,23828,11407,10428,0,0
BALOCHISTAN,Makran Division,24823,22670,1,27593,49901,40293,7,45021
BALOCHISTAN,Makran Division,4340,4083,0,5716,9511,8753,4,14072
BALOCHISTAN,Makran Division,4150,3731,0,7327,10001,7752,0,11521
BALOCHISTAN,Makran Division,14155,12634,1,27364,18404,16149,4,29538
BALOCHISTAN,Makran Division,5831,5055,0,17346,0,0,0,0
BALOCHISTAN,Makran Division,23222,21373,0,19560,0,0,0,0
BALOCHISTAN,Makran Division,20624,16673,5,35251,21248,18592,6,0
BALOCHISTAN,Makran Division,41008,35459,3,39061,0,0,0,0
BALOCHISTAN,Makran Division,30389,22549,9,37819,0,0,0,0
BALOCHISTAN,Makran Division,110066,92685,26,88539,118713,95086,32,68603
BALOCHISTAN,Makran Division,27158,23835,2,35281,0,0,0,0
BALOCHISTAN,Makran Division,53822,43829,14,51234,25590,22751,2,0
BALOCHISTAN,Makran Division,21038,21370,3,37856,0,0,0,0
BALOCHISTAN,Makran Division,8967,7676,3,22568,0,0,0,0
BALOCHISTAN,Makran Division,8424,7905,0,24377,0,0,0,0
BALOCHISTAN,Makran Division,93460,85279,13,146971,42867,37541,3,21297
BALOCHISTAN,Makran Division,12661,10551,3,18838,0,0,0,0
BALOCHISTAN,Naseerabad Division,38209,36650,22,52767,0,0,0,0
BALOCHISTAN,Naseerabad Division,88378,83749,22,92689,41622,39328,8,38371
BALOCHISTAN,Naseerabad Division,55791,53439,1,68517,38872,37881,0,38946
BALOCHISTAN,Naseerabad Division,22324,21041,0,26694,3958,3856,1,8097
BALOCHISTAN,Naseerabad Division,45604,42675,0,63588,0,0,0,0
BALOCHISTAN,Naseerabad Division,4840,4601,0,11562,0,0,0,0
BALOCHISTAN,Naseerabad Division,22595,20746,0,39597,0,0,0,0
BALOCHISTAN,Naseerabad Division,29740,27115,4,43842,8529,8068,3,12181
BALOCHISTAN,Naseerabad Division,14145,13004,0,32663,7938,7302,0,12818
BALOCHISTAN,Naseerabad Division,7411,6802,0,7202,0,0,0,0
BALOCHISTAN,Naseerabad Division,10719,9770,0,15619,10363,8777,0,14488
BALOCHISTAN,Naseerabad Division,52851,44049,1,77070,0,0,0,0
BALOCHISTAN,Naseerabad Division,25844,23636,0,19531,0,0,0,0
BALOCHISTAN,Naseerabad Division,39811,36725,0,50446,0,0,0,0
BALOCHISTAN,Naseerabad Division,69042,65417,0,65676,49161,47155,0,38431
BALOCHISTAN,Naseerabad Division,67706,63349,1,71810,0,0,0,0
BALOCHISTAN,Naseerabad Division,29719,28484,1,33400,0,0,0,0
BALOCHISTAN,Naseerabad Division,45781,43005,2,66681,0,0,0,0
BALOCHISTAN,Naseerabad Division,20803,19757,7,33240,6664,6203,0,8206
BALOCHISTAN,Quetta Division,30396,27859,1,22511,0,0,0,0
BALOCHISTAN,Quetta Division,57650,53548,5,48380,8299,7966,0,11948
BALOCHISTAN,Quetta Division,11851,10432,0,14029,0,0,0,0
BALOCHISTAN,Quetta Division,10777,7732,1,7666,0,0,0,0
BALOCHISTAN,Quetta Division,164656,146699,0,95062,65093,58112,1,56792
BALOCHISTAN,Quetta Division,33936,27804,1,31050,0,0,0,0
BALOCHISTAN,Quetta Division,59793,55190,1,66883,0,0,0,0
BALOCHISTAN,Quetta Division,61932,59011,1,110937,13889,12235,0,0
BALOCHISTAN,Quetta Division,68290,64258,3,74082,24281,22115,0,23948
BALOCHISTAN,Quetta Division,52620,50802,1,95132,0,0,0,0
BALOCHISTAN,Quetta Division,53635,49057,8,58093,14780,14622,0,0
BALOCHISTAN,Quetta Division,51149,46315,5,63375,20435,19539,23,0
BALOCHISTAN,Quetta Division,140788,131260,15,108306,18426,17116,5,22955
BALOCHISTAN,Quetta Division,9615,8836,1,28867,19167,18680,3,0
BALOCHISTAN,Quetta Division,9723,9287,1,15139,0,0,0,0
BALOCHISTAN,Quetta Division,375710,347599,52,73759,528019,471224,142,565137
BALOCHISTAN,Quetta Division,277024,250608,84,120512,0,0,0,0
BALOCHISTAN,Quetta Division,10583,8914,0,5305,0,0,0,0
BALOCHISTAN,Quetta Division,10932,9858,0,16908,14490,13135,0,15495
BALOCHISTAN,Quetta Division,9963,8095,0,8491,0,0,0,0
BALOCHISTAN,Quetta Division,13216,14049,0,19504,0,0,0,0
BALOCHISTAN,Quetta Division,13931,14123,0,11760,0,0,0,0
BALOCHISTAN,Quetta Division,21937,18692,0,27448,0,0,0,0
BALOCHISTAN,Quetta Division,5435,4781,1,13700,0,0,0,0
BALOCHISTAN,Quetta Division,27035,21200,0,62699,37534,35206,0,0
BALOCHISTAN,Quetta Division,26754,23987,12,42123,6950,6349,4,9359
BALOCHISTAN,Quetta Division,6407,5872,0,9908,0,0,0,0
BALOCHISTAN,Quetta Division,4962,4495,1,15262,6891,4366,2,0
BALOCHISTAN,Quetta Division,9359,7668,0,4057,0,0,0,0
BALOCHISTAN,Quetta Division,36485,37348,0,26765,0,0,0,0
BALOCHISTAN,Quetta Division,14623,13086,0,17037,9001,8442,0,9665
BALOCHISTAN,Quetta Division,22480,19036,0,24056,0,0,0,0
BALOCHISTAN,Quetta Division,4032,3551,0,8057,0,0,0,0
BALOCHISTAN,Quetta Division,23211,21278,1,32576,0,0,0,0
BALOCHISTAN,Quetta Division,1441,1223,1,3024,0,0,0,0
BALOCHISTAN,Quetta Division,32359,27977,3,44198,33680,30980,14,48467
BALOCHISTAN,Quetta Division,48070,44413,14,47408,0,0,0,0
BALOCHISTAN,Quetta Division,32405,31793,8,32704,1686,1706,0,636
BALOCHISTAN,Zhob Division,83576,75237,11,95875,6335,5863,3,7670
BALOCHISTAN,Zhob Division,8720,6625,0,6583,0,0,0,0
BALOCHISTAN,Zhob Division,17462,15780,0,24168,0,0,0,0
BALOCHISTAN,Zhob Division,51840,45636,5,55343,18341,16524,0,8129
BALOCHISTAN,Zhob Division,14875,13087,0,25791,0,0,0,0
BALOCHISTAN,Zhob Division,26295,23988,0,27700,14852,13576,0,17170
BALOCHISTAN,Zhob Division,29421,25905,0,28669,0,0,0,0
BALOCHISTAN,Zhob Division,76379,66552,4,110867,5639,4403,0,5109
BALOCHISTAN,Zhob Division,78186,70540,4,72551,30677,24170,2,29875
BALOCHISTAN,Zhob Division,21621,19240,6,31745,0,0,0,0
BALOCHISTAN,Zhob Division,20168,17429,2,28638,0,0,0,0
BALOCHISTAN,Zhob Division,16924,14413,2,24822,0,0,0,0
BALOCHISTAN,Zhob Division,46200,37963,7,69007,7441,6693,1,11589
BALOCHISTAN,Zhob Division,84390,68561,1,81684,0,0,0,0
BALOCHISTAN,Zhob Division,11575,9193,0,13247,0,0,0,0
BALOCHISTAN,Zhob Division,2645,2539,0,5165,0,0,0,0
BALOCHISTAN,Zhob Division,7486,6345,0,5855,0,0,0,0
BALOCHISTAN,Zhob Division,9848,7617,0,15198,0,0,0,0
BALOCHISTAN,Zhob Division,111210,95731,1,110150,25475,20689,0,43843
KPK,BANNU DIVISION,457808,450324,23,525281,27628,22319,1,47676
KPK,BANNU DIVISION,107189,101779,0,102710,0,0,0,0
KPK,BANNU DIVISION,261879,257719,3,309467,30735,28538,0,30467
KPK,BANNU DIVISION,134073,132817,1,133680,15030,14949,0,16411
KPK,DERA ISMAIL KHAN DIVISION,64533,59784,1,73658,0,0,0,0
KPK,DERA ISMAIL KHAN DIVISION,260671,246730,30,270676,114116,103865,37,92114
KPK,DERA ISMAIL KHAN DIVISION,39956,37181,2,48143,12750,12003,0,19113
KPK,DERA ISMAIL KHAN DIVISION,154668,148834,18,204009,40040,37521,5,14580
KPK,DERA ISMAIL KHAN DIVISION,130064,122390,8,130702,20887,18993,1,0
KPK,DERA ISMAIL KHAN DIVISION,175264,168273,25,202475,24836,22226,2,35741
KPK,HAZARA DIVISION,372331,364818,18,502487,130649,115003,18,126279
KPK,HAZARA DIVISION,150261,151676,0,220275,24616,23699,0,31625
KPK,HAZARA DIVISION,90363,90127,12,121652,0,0,0,0
KPK,HAZARA DIVISION,148039,148185,23,185626,0,0,0,0
KPK,HAZARA DIVISION,72137,72780,0,113049,0,0,0,0
KPK,HAZARA DIVISION,358270,365211,17,496444,67795,65275,30,82735
KPK,HAZARA DIVISION,135039,138200,18,214630,0,0,0,0
KPK,HAZARA DIVISION,436662,435875,86,513599,73525,71242,131,61376
KPK,HAZARA DIVISION,126750,138192,22,188552,0,0,0,0
KPK,HAZARA DIVISION,49459,47419,10,84628,0,0,0,0
KPK,HAZARA DIVISION,36600,37855,6,90054,0,0,0,0
KPK,HAZARA DIVISION,123541,104801,8,137519,0,0,0,0
KPK,HAZARA DIVISION,41799,35302,0,46437,0,0,0,0
KPK,HAZARA DIVISION,149477,126843,5,166403,0,0,0,0
KPK,HAZARA DIVISION,109826,93109,0,122211,0,0,0,0
KPK,KOHAT DIVISION,106089,115490,19,132095,23736,25063,2,31022
KPK,KOHAT DIVISION,92527,102174,10,118217,26692,27005,4,33195
KPK,KOHAT DIVISION,303288,317098,56,344021,121144,107367,44,126627
KPK,KOHAT DIVISION,50384,51669,6,66710,20966,20405,0,25286
KPK,KOHAT DIVISION,75250,80221,11,98626,0,0,0,0
KPK,KOHAT DIVISION,118330,123393,20,147865,25627,25458,1,27893
KPK,KOHAT DIVISION,129108,127932,11,156412,0,0,0,0
KPK,MARDAN DIVISION,171021,172202,2,221546,0,0,0,0
KPK,MARDAN DIVISION,525399,518577,2,618091,184208,174762,54,245926
KPK,MARDAN DIVISION,278978,266992,4,325335,41516,39682,0,49202
KPK,MARDAN DIVISION,134329,130119,15,159697,20274,21043,2,27861
KPK,MARDAN DIVISION,277621,281022,19,358024,13125,13089,0,18082
KPK,MARDAN DIVISION,123384,127520,12,155193,76293,79092,20,102813
KPK,MARDAN DIVISION,143808,131636,28,174676,26994,26029,3,30458
KPK,PESHAWAR DIVISION,336077,322964,1,415086,74897,70901,3,112066
KPK,PESHAWAR DIVISION,144441,144021,0,185312,47300,44189,1,55439
KPK,PESHAWAR DIVISION,198195,195051,6,229115,16741,16172,0,25346
KPK,PESHAWAR DIVISION,134577,133036,29,158059,44685,41428,9,50645
KPK,PESHAWAR DIVISION,192673,190357,16,214967,28035,27335,0,31153
KPK,PESHAWAR DIVISION,1172995,1124167,213,1044035,1025010,944401,412,982816
KPK,MALAKAND DIVISION,176595,178195,19,197120,0,0,0,0
KPK,MALAKAND DIVISION,134468,135495,8,151877,0,0,0,0
KPK,MALAKAND DIVISION,58013,60056,3,69812,0,0,0,0
KPK,MALAKAND DIVISION,76796,75809,3,87239,0,0,0,0
KPK,MALAKAND DIVISION,117356,111181,11,154252,26320,23456,4,30622
KPK,MALAKAND DIVISION,81993,87297,7,133815,0,0,0,0
KPK,MALAKAND DIVISION,257321,251029,11,297718,0,0,0,0
KPK,MALAKAND DIVISION,54440,51505,5,57739,0,0,0,0
KPK,MALAKAND DIVISION,74321,70974,3,79106,0,0,0,0
KPK,MALAKAND DIVISION,138202,129734,11,148127,171504,159823,50,173868
KPK,MALAKAND DIVISION,45747,44009,2,99975,47326,46688,5,0
KPK,MALAKAND DIVISION,96057,90460,16,125247,31825,30060,4,0
KPK,MALAKAND DIVISION,64909,61086,6,73682,0,0,0,0
KPK,MALAKAND DIVISION,148325,153695,8,244142,60656,57312,5,0
KPK,MALAKAND DIVISION,110752,106728,4,141193,25294,22722,0,0
KPK,MALAKAND DIVISION,209762,213272,18,251368,21588,20955,4,0
KPK,MALAKAND DIVISION,160421,157093,12,168830,0,0,0,0
KPK,MALAKAND DIVISION,102554,117009,4,129305,0,0,0,0
KPK,MALAKAND DIVISION,190905,187088,11,190072,0,0,0,0
KPK,MALAKAND DIVISION,235098,245555,18,246514,20851,19458,5,44335
KPK,MALAKAND DIVISION,195425,199986,14,212423,22661,21437,2,22901
KPK,MALAKAND DIVISION,91723,93392,6,104058,0,0,0,0
KPK,MALAKAND DIVISION,156785,165951,19,175069,0,0,0,0
KPK,MALAKAND DIVISION,325555,324534,31,409112,34885,32799,2,43179
KPK,MALAKAND DIVISION,152141,151491,12,191996,0,0,0,0
KPK,MALAKAND DIVISION,173414,173043,19,217116,34885,32799,2,43179
KPK/FATA,MALAKAND DIVISION,1447,1420,1,3247,0,0,0,0
KPK/FATA,MALAKAND DIVISION,38312,38179,2,50139,0,0,0,0
KPK/FATA,MALAKAND DIVISION,126965,119894,16,116196,0,0,0,0
KPK/FATA,MALAKAND DIVISION,159978,151380,15,168283,0,0,0,0
KPK/FATA,MALAKAND DIVISION,40578,37910,6,57264,0,0,0,0
KPK/FATA,MALAKAND DIVISION,134539,133083,14,141750,0,0,0,0
KPK/FATA,MALAKAND DIVISION,54217,53029,2,58348,0,0,0,0
KPK/FATA,BANNU DIVISION,22286,20826,0,19593,0,0,0,0
KPK/FATA,DERA ISMAIL KHAN DIVISION,35356,33146,4,38990,0,0,0,0
KPK/FATA,KOHAT DIVISION,59983,58851,5,88456,0,0,0,0
KPK/FATA,BANNU DIVISION,13685,12709,0,6987,0,0,0,0
KPK/FATA,PESHAWAR DIVISION,31676,33081,4,53841,0,0,0,0
KPK/FATA,PESHAWAR DIVISION,224995,218433,21,286184,0,0,0,0
KPK/FATA,PESHAWAR DIVISION,83502,80312,15,64149,33133,30582,13,32039
KPK/FATA,PESHAWAR DIVISION,124173,115127,23,122390,17766,15961,2,22324
KPK/FATA,PESHAWAR DIVISION,20933,19254,1,19644,0,0,0,0
KPK/FATA,KOHAT DIVISION,50128,51248,10,64220,16563,15973,7,17103
KPK/FATA,KOHAT DIVISION,122200,124721,13,177529,2709,2793,0,8042
KPK/FATA,PESHAWAR DIVISION,31413,30538,0,30728,0,0,0,0
KPK/FATA,PESHAWAR DIVISION,40530,38163,12,48418,0,0,0,0
KPK/FATA,PESHAWAR DIVISION,45952,43752,7,51276,0,0,0,0
KPK/FATA,PESHAWAR DIVISION,18288,18281,0,18620,0,0,0,0
KPK/FATA,PESHAWAR DIVISION,50353,48142,6,71503,0,0,0,0
KPK/FATA,PESHAWAR DIVISION,25723,25424,7,80177,0,0,0,0
KPK/FATA,PESHAWAR DIVISION,29290,28455,9,33731,0,0,0,0
KPK/FATA,BANNU DIVISION,37377,37619,7,110006,0,0,0,0
KPK/FATA,BANNU DIVISION,20770,19173,2,20482,0,0,0,0
KPK/FATA,BANNU DIVISION,6339,5467,5,3917,0,0,0,0
KPK/FATA,BANNU DIVISION,14228,12786,1,13251,0,0,0,0
KPK/FATA,BANNU DIVISION,94496,90481,9,93855,0,0,0,0
KPK/FATA,BANNU DIVISION,48603,47675,2,61565,3267,1097,0,5965
KPK/FATA,BANNU DIVISION,8229,7451,1,5729,0,0,0,0
KPK/FATA,BANNU DIVISION,19997,19290,3,22956,0,0,0,0
KPK/FATA,BANNU DIVISION,24443,21725,3,23520,0,0,0,0
KPK/FATA,KOHAT DIVISION,29440,29691,1,47122,0,0,0,0
KPK/FATA,KOHAT DIVISION,12058,11905,0,28843,0,0,0,0
KPK/FATA,KOHAT DIVISION,53767,53550,6,65416,0,0,0,0
KPK/FATA,KOHAT DIVISION,32299,31582,4,84060,0,0,0,0
KPK/FATA,DERA ISMAIL KHAN DIVISION,54323,49948,11,58512,0,0,0,0
KPK/FATA,DERA ISMAIL KHAN DIVISION,57755,53080,7,72278,0,0,0,0
KPK/FATA,DERA ISMAIL KHAN DIVISION,30906,27738,2,30528,0,0,0,0
KPK/FATA,DERA ISMAIL KHAN DIVISION,51479,46694,7,72063,0,0,0,0
KPK/FATA,DERA ISMAIL KHAN DIVISION,28695,25844,1,31472,0,0,0,0
KPK/FATA,DERA ISMAIL KHAN DIVISION,23649,21507,0,37708,0,0,0,0
KPK/FATA,DERA ISMAIL KHAN DIVISION,27462,22947,4,36508,0,0,0,0
KPK/FATA,DERA ISMAIL KHAN DIVISION,81342,71796,18,90772,0,0,0,0
